{
    "AutolineP_1087350030693838918": "10000",
    "TicketP_1087350030693838918": "15000",
    "SystemP_1087350030693838918": "15000",
    "ProbotP_1087350030693838918": "15000",
    "ShopP_1087350030693838918": "15000",
    "BOTMAKERP_Tier1": "10",
    "AutolineP": "10",
    "SuggestionP": "10",
    "TaxP": "10",
    "BankP": "10",
    "TicketP": "10",
    "SystemP": "10",
    "BrodcastP": "10",
    "ScammerP": "10",
    "GiveawayP": "10",
    "ProbotP": "10",
    "BOTMAKERP_Tier2": "10",
    "BOTMAKERP_Tier3": "10",
    "LogP": "10",
    "FeedbackP": "10",
    "ShopP": "10"
}